"Wavelength","Baseline","2505-1","2505-2","2505-3","0106-1","0106-2","0106-3"
"3,500000000000000e+2","-7,043000000000001e-2","3,810600000000000e-2","6,825000000000001e-2","3,936300000000000e-2","4,640500000000000e-2","3,947600000000000e-2","3,739900000000000e-2"
"3,510000000000000e+2","-6,974000000000000e-2","3,826700000000000e-2","6,889500000000000e-2","3,956900000000000e-2","4,673600000000000e-2","4,000000000000000e-2","3,787900000000000e-2"
"3,520000000000000e+2","-6,915000000000000e-2","3,909400000000000e-2","6,933699999999999e-2","3,996500000000000e-2","4,769200000000000e-2","4,063800000000000e-2","3,824700000000000e-2"
"3,530000000000000e+2","-6,873999999999999e-2","3,956400000000000e-2","6,979499999999999e-2","4,083800000000000e-2","4,776200000000000e-2","4,156300000000000e-2","3,912700000000000e-2"
"3,540000000000000e+2","-6,829000000000000e-2","4,066100000000000e-2","7,081899999999999e-2","4,158600000000000e-2","4,884300000000000e-2","4,238000000000000e-2","3,974800000000000e-2"
"3,550000000000000e+2","-6,779000000000000e-2","4,158600000000000e-2","7,153500000000000e-2","4,225800000000000e-2","4,960300000000000e-2","4,326800000000000e-2","4,035400000000000e-2"
"3,560000000000000e+2","-6,737000000000000e-2","4,208000000000000e-2","7,278000000000000e-2","4,292800000000000e-2","5,037700000000000e-2","4,385600000000000e-2","4,118800000000000e-2"
"3,570000000000000e+2","-6,669000000000000e-2","4,256700000000000e-2","7,271700000000000e-2","4,333700000000000e-2","5,062500000000000e-2","4,424700000000000e-2","4,189900000000000e-2"
"3,580000000000000e+2","-6,607000000000000e-2","4,303600000000000e-2","7,344800000000000e-2","4,428100000000000e-2","5,150700000000000e-2","4,527200000000000e-2","4,231700000000000e-2"
"3,590000000000000e+2","-6,586000000000000e-2","4,410900000000000e-2","7,417300000000000e-2","4,507900000000000e-2","5,277800000000000e-2","4,617500000000000e-2","4,325700000000000e-2"
"3,600000000000000e+2","-6,558000000000000e-2","4,487500000000000e-2","7,508400000000000e-2","4,572300000000000e-2","5,354000000000000e-2","4,699800000000000e-2","4,394800000000000e-2"
"3,610000000000000e+2","-6,507000000000000e-2","4,527100000000000e-2","7,566300000000000e-2","4,618900000000000e-2","5,424800000000000e-2","4,759500000000000e-2","4,433600000000000e-2"
"3,620000000000000e+2","-6,487000000000000e-2","4,624600000000000e-2","7,674000000000000e-2","4,729100000000000e-2","5,498300000000000e-2","4,873700000000000e-2","4,544600000000000e-2"
"3,630000000000000e+2","-6,431000000000001e-2","4,688700000000000e-2","7,748500000000000e-2","4,785400000000000e-2","5,572200000000000e-2","4,900500000000000e-2","4,620400000000000e-2"
"3,640000000000000e+2","-6,395000000000001e-2","4,764300000000000e-2","7,835300000000000e-2","4,861900000000000e-2","5,643200000000000e-2","5,021400000000000e-2","4,676300000000000e-2"
"3,650000000000000e+2","-6,374000000000001e-2","4,812500000000000e-2","7,912700000000000e-2","4,929600000000000e-2","5,744500000000000e-2","5,131800000000000e-2","4,772300000000000e-2"
"3,660000000000000e+2","-6,328000000000000e-2","4,905800000000000e-2","7,970900000000000e-2","5,002800000000000e-2","5,831300000000000e-2","5,231100000000000e-2","4,862400000000000e-2"
"3,670000000000000e+2","-6,283999999999999e-2","4,960100000000000e-2","8,025900000000000e-2","5,038400000000000e-2","5,898900000000000e-2","5,320900000000000e-2","4,943900000000000e-2"
"3,680000000000000e+2","-6,230000000000000e-2","4,997300000000000e-2","8,091200000000000e-2","5,074800000000000e-2","5,964900000000000e-2","5,363800000000000e-2","5,015600000000000e-2"
"3,690000000000000e+2","-6,217000000000000e-2","5,075300000000000e-2","8,218500000000000e-2","5,163300000000000e-2","6,072400000000000e-2","5,487700000000000e-2","5,053500000000000e-2"
"3,700000000000000e+2","-6,160000000000000e-2","5,153900000000000e-2","8,249300000000000e-2","5,205500000000000e-2","6,137400000000000e-2","5,532200000000000e-2","5,137100000000000e-2"
"3,710000000000000e+2","-6,108000000000000e-2","5,196200000000000e-2","8,362600000000000e-2","5,241300000000000e-2","6,204000000000000e-2","5,626700000000000e-2","5,183900000000000e-2"
"3,720000000000000e+2","-6,062000000000000e-2","5,257900000000000e-2","8,379600000000000e-2","5,297100000000000e-2","6,252600000000000e-2","5,669800000000000e-2","5,260800000000000e-2"
"3,730000000000000e+2","-6,009000000000000e-2","5,269100000000000e-2","8,454300000000000e-2","5,325400000000000e-2","6,320500000000000e-2","5,777200000000000e-2","5,313400000000000e-2"
"3,740000000000000e+2","-5,911000000000000e-2","5,374100000000000e-2","8,496300000000000e-2","5,407700000000000e-2","6,405600000000000e-2","5,773200000000000e-2","5,330100000000000e-2"
"3,750000000000000e+2","-5,868000000000000e-2","5,404400000000000e-2","8,553900000000000e-2","5,462700000000000e-2","6,438000000000001e-2","5,922600000000000e-2","5,486700000000000e-2"
"3,760000000000000e+2","-5,836000000000000e-2","5,492900000000000e-2","8,618200000000000e-2","5,523200000000000e-2","6,533500000000001e-2","6,020300000000000e-2","5,550500000000000e-2"
"3,770000000000000e+2","-5,821000000000000e-2","5,586800000000000e-2","8,736700000000000e-2","5,572700000000000e-2","6,651799999999999e-2","6,104600000000000e-2","5,656600000000000e-2"
"3,780000000000000e+2","-5,726000000000000e-2","5,592300000000000e-2","8,783000000000000e-2","5,599300000000000e-2","6,683400000000001e-2","6,187200000000000e-2","5,649600000000000e-2"
"3,790000000000000e+2","-5,736000000000000e-2","5,665800000000000e-2","8,878500000000000e-2","5,681300000000000e-2","6,804700000000000e-2","6,270299999999999e-2","5,797400000000000e-2"
"3,800000000000000e+2","-5,682000000000000e-2","5,714200000000000e-2","8,908500000000000e-2","5,720600000000000e-2","6,821800000000000e-2","6,319300000000000e-2","5,865500000000000e-2"
"3,810000000000000e+2","-5,643000000000000e-2","5,780000000000000e-2","8,956200000000000e-2","5,801200000000000e-2","6,935900000000000e-2","6,362300000000000e-2","5,924500000000000e-2"
"3,820000000000000e+2","-5,591000000000000e-2","5,854800000000000e-2","9,031400000000000e-2","5,836100000000000e-2","7,000600000000000e-2","6,472000000000000e-2","5,966200000000000e-2"
"3,830000000000000e+2","-5,542000000000000e-2","5,897100000000000e-2","9,076800000000000e-2","5,851700000000000e-2","7,060500000000000e-2","6,517100000000001e-2","6,053400000000000e-2"
"3,840000000000000e+2","-5,478000000000000e-2","5,936700000000000e-2","9,126100000000000e-2","5,915800000000000e-2","7,108299999999999e-2","6,578700000000000e-2","6,097600000000000e-2"
"3,850000000000000e+2","-5,334000000000000e-2","5,992900000000000e-2","9,176200000000000e-2","5,953900000000000e-2","7,158600000000000e-2","6,605100000000000e-2","6,079300000000000e-2"
"3,860000000000000e+2","-5,334000000000000e-2","6,068700000000000e-2","9,316300000000000e-2","6,045400000000000e-2","7,286600000000000e-2","6,765699999999999e-2","6,242600000000000e-2"
"3,870000000000000e+2","-5,297000000000000e-2","6,155700000000000e-2","9,358900000000000e-2","6,106900000000000e-2","7,366800000000000e-2","6,845300000000000e-2","6,310900000000000e-2"
"3,880000000000000e+2","-5,250000000000000e-2","6,208800000000000e-2","9,415300000000000e-2","6,178700000000000e-2","7,452400000000000e-2","6,954000000000001e-2","6,410200000000001e-2"
"3,890000000000000e+2","-5,173000000000000e-2","6,234000000000000e-2","9,459400000000000e-2","6,179900000000000e-2","7,486600000000000e-2","7,007900000000000e-2","6,460499999999999e-2"
"3,900000000000000e+2","-5,129000000000000e-2","6,341200000000000e-2","9,531400000000000e-2","6,253499999999999e-2","7,575200000000000e-2","7,089200000000000e-2","6,535900000000000e-2"
"3,910000000000000e+2","-5,067000000000000e-2","6,412000000000000e-2","9,603800000000000e-2","6,336999999999999e-2","7,684900000000000e-2","7,195400000000001e-2","6,629100000000000e-2"
"3,920000000000000e+2","-5,031000000000000e-2","6,503100000000001e-2","9,737100000000000e-2","6,417399999999999e-2","7,778600000000000e-2","7,304000000000000e-2","6,701200000000000e-2"
"3,930000000000000e+2","-4,997000000000000e-2","6,606400000000000e-2","9,825300000000000e-2","6,516800000000000e-2","7,929800000000000e-2","7,423900000000000e-2","6,829800000000000e-2"
"3,940000000000000e+2","-4,963000000000000e-2","6,716400000000000e-2","9,975500000000000e-2","6,612500000000000e-2","8,047000000000000e-2","7,549100000000000e-2","6,930899999999999e-2"
"3,950000000000000e+2","-4,907000000000000e-2","6,818100000000001e-2","1,009300000000000e-1","6,685600000000000e-2","8,153800000000000e-2","7,703700000000000e-2","7,049400000000000e-2"
"3,960000000000000e+2","-4,886000000000000e-2","6,979900000000000e-2","1,026760000000000e-1","6,833300000000001e-2","8,333100000000000e-2","7,880100000000000e-2","7,245900000000000e-2"
"3,970000000000000e+2","-4,811000000000000e-2","7,159200000000000e-2","1,046320000000000e-1","7,013100000000000e-2","8,552400000000000e-2","8,021700000000000e-2","7,383700000000000e-2"
"3,980000000000000e+2","-4,762000000000000e-2","7,326800000000000e-2","1,065980000000000e-1","7,138899999999999e-2","8,714600000000000e-2","8,254500000000000e-2","7,627100000000000e-2"
"3,990000000000000e+2","-4,705000000000000e-2","7,509200000000000e-2","1,085740000000000e-1","7,314800000000000e-2","8,911000000000000e-2","8,458500000000000e-2","7,828600000000000e-2"
"4,000000000000000e+2","-4,647000000000000e-2","7,677500000000000e-2","1,102460000000000e-1","7,527000000000000e-2","9,113100000000000e-2","8,653300000000000e-2","7,988700000000000e-2"
"4,010000000000000e+2","-4,634000000000000e-2","7,921600000000000e-2","1,134030000000000e-1","7,737300000000000e-2","9,376100000000000e-2","8,963200000000000e-2","8,257700000000000e-2"
"4,020000000000000e+2","-4,569000000000000e-2","8,091400000000000e-2","1,159030000000000e-1","7,906100000000000e-2","9,608800000000000e-2","9,176500000000000e-2","8,507000000000000e-2"
"4,030000000000000e+2","-4,533000000000000e-2","8,324100000000000e-2","1,183410000000000e-1","8,097500000000000e-2","9,866300000000000e-2","9,440900000000000e-2","8,706400000000000e-2"
"4,040000000000000e+2","-4,482000000000000e-2","8,512800000000000e-2","1,203880000000000e-1","8,304300000000000e-2","1,005390000000000e-1","9,627300000000000e-2","8,929100000000000e-2"
"4,050000000000000e+2","-4,469000000000000e-2","8,720400000000000e-2","1,228790000000000e-1","8,485400000000000e-2","1,028780000000000e-1","9,856500000000000e-2","9,140000000000000e-2"
"4,060000000000000e+2","-4,446000000000000e-2","8,896600000000000e-2","1,250160000000000e-1","8,644000000000000e-2","1,052150000000000e-1","1,007940000000000e-1","9,347700000000000e-2"
"4,070000000000000e+2","-4,410000000000000e-2","9,039400000000000e-2","1,268570000000000e-1","8,813600000000000e-2","1,066990000000000e-1","1,025410000000000e-1","9,514200000000000e-2"
"4,080000000000000e+2","-4,372000000000000e-2","9,205000000000000e-2","1,285740000000000e-1","8,929900000000000e-2","1,082980000000000e-1","1,041890000000000e-1","9,696800000000000e-2"
"4,090000000000000e+2","-4,280000000000000e-2","9,342300000000000e-2","1,299360000000000e-1","9,068300000000000e-2","1,100540000000000e-1","1,053460000000000e-1","9,776400000000000e-2"
"4,100000000000000e+2","-4,265000000000000e-2","9,463000000000000e-2","1,312140000000000e-1","9,199400000000000e-2","1,118190000000000e-1","1,075780000000000e-1","9,990600000000000e-2"
"4,110000000000000e+2","-4,262000000000000e-2","9,577000000000000e-2","1,329950000000000e-1","9,303300000000000e-2","1,132120000000000e-1","1,091020000000000e-1","1,014120000000000e-1"
"4,120000000000000e+2","-4,195000000000000e-2","9,653900000000000e-2","1,334840000000000e-1","9,355100000000000e-2","1,140320000000000e-1","1,098390000000000e-1","1,025480000000000e-1"
"4,130000000000000e+2","-4,209000000000000e-2","9,754100000000000e-2","1,350390000000000e-1","9,461700000000000e-2","1,155330000000000e-1","1,115420000000000e-1","1,038850000000000e-1"
"4,140000000000000e+2","-4,187000000000000e-2","9,830600000000000e-2","1,357240000000000e-1","9,523400000000000e-2","1,164790000000000e-1","1,126710000000000e-1","1,049340000000000e-1"
"4,150000000000000e+2","-4,157000000000000e-2","9,875400000000000e-2","1,363000000000000e-1","9,574500000000000e-2","1,177150000000000e-1","1,137930000000000e-1","1,059900000000000e-1"
"4,160000000000000e+2","-4,121000000000000e-2","9,913800000000000e-2","1,365510000000000e-1","9,636700000000000e-2","1,185990000000000e-1","1,144460000000000e-1","1,069300000000000e-1"
"4,170000000000000e+2","-4,132000000000000e-2","1,002970000000000e-1","1,380370000000000e-1","9,756100000000000e-2","1,197120000000000e-1","1,161440000000000e-1","1,085220000000000e-1"
"4,180000000000000e+2","-4,095000000000000e-2","1,010150000000000e-1","1,391140000000000e-1","9,784200000000000e-2","1,211430000000000e-1","1,172170000000000e-1","1,091600000000000e-1"
"4,190000000000000e+2","-4,091000000000000e-2","1,023430000000000e-1","1,405690000000000e-1","9,897600000000000e-2","1,227260000000000e-1","1,187230000000000e-1","1,108110000000000e-1"
"4,200000000000000e+2","-4,069000000000000e-2","1,033010000000000e-1","1,420620000000000e-1","1,001140000000000e-1","1,245180000000000e-1","1,203100000000000e-1","1,124090000000000e-1"
"4,210000000000000e+2","-3,983000000000000e-2","1,048770000000000e-1","1,435910000000000e-1","1,016030000000000e-1","1,268110000000000e-1","1,220210000000000e-1","1,139690000000000e-1"
"4,220000000000000e+2","-3,988000000000000e-2","1,070210000000000e-1","1,462930000000000e-1","1,037930000000000e-1","1,293700000000000e-1","1,249320000000000e-1","1,168970000000000e-1"
"4,230000000000000e+2","-3,954000000000000e-2","1,088230000000000e-1","1,487260000000000e-1","1,055780000000000e-1","1,319550000000000e-1","1,275860000000000e-1","1,191600000000000e-1"
"4,240000000000000e+2","-3,937000000000000e-2","1,112990000000000e-1","1,517650000000000e-1","1,081320000000000e-1","1,348520000000000e-1","1,306280000000000e-1","1,222390000000000e-1"
"4,250000000000000e+2","-3,937000000000000e-2","1,139680000000000e-1","1,549810000000000e-1","1,107580000000000e-1","1,383130000000000e-1","1,337920000000000e-1","1,257390000000000e-1"
"4,260000000000000e+2","-3,892000000000000e-2","1,166510000000000e-1","1,581760000000000e-1","1,130280000000000e-1","1,412880000000000e-1","1,366360000000000e-1","1,282140000000000e-1"
"4,270000000000000e+2","-3,889000000000000e-2","1,190080000000000e-1","1,614730000000000e-1","1,157240000000000e-1","1,443880000000000e-1","1,397870000000000e-1","1,313650000000000e-1"
"4,280000000000000e+2","-3,852000000000000e-2","1,212510000000000e-1","1,637620000000000e-1","1,177960000000000e-1","1,470660000000000e-1","1,422870000000000e-1","1,339530000000000e-1"
"4,290000000000000e+2","-3,842000000000000e-2","1,230280000000000e-1","1,663620000000000e-1","1,196760000000000e-1","1,492770000000000e-1","1,444810000000000e-1","1,358550000000000e-1"
"4,300000000000000e+2","-3,838000000000000e-2","1,246470000000000e-1","1,680210000000000e-1","1,207940000000000e-1","1,510260000000000e-1","1,462140000000000e-1","1,376160000000000e-1"
"4,310000000000000e+2","-3,811000000000000e-2","1,249030000000000e-1","1,689310000000000e-1","1,215780000000000e-1","1,518020000000000e-1","1,470650000000000e-1","1,383320000000000e-1"
"4,320000000000000e+2","-3,788000000000000e-2","1,249320000000000e-1","1,687100000000000e-1","1,212650000000000e-1","1,519720000000000e-1","1,472670000000000e-1","1,385960000000000e-1"
"4,330000000000000e+2","-3,774000000000000e-2","1,240620000000000e-1","1,678110000000000e-1","1,208640000000000e-1","1,517960000000000e-1","1,467480000000000e-1","1,381530000000000e-1"
"4,340000000000000e+2","-3,749000000000000e-2","1,226630000000000e-1","1,659180000000000e-1","1,190420000000000e-1","1,502760000000000e-1","1,455340000000000e-1","1,368710000000000e-1"
"4,350000000000000e+2","-3,732000000000000e-2","1,204490000000000e-1","1,632770000000000e-1","1,169720000000000e-1","1,485450000000000e-1","1,436890000000000e-1","1,349310000000000e-1"
"4,360000000000000e+2","-3,726000000000000e-2","1,182570000000000e-1","1,600390000000000e-1","1,148800000000000e-1","1,463980000000000e-1","1,409220000000000e-1","1,325340000000000e-1"
"4,370000000000000e+2","-3,630000000000000e-2","1,140120000000000e-1","1,552930000000000e-1","1,105970000000000e-1","1,425540000000000e-1","1,370570000000000e-1","1,288500000000000e-1"
"4,380000000000000e+2","-3,611000000000000e-2","1,101200000000000e-1","1,503720000000000e-1","1,069680000000000e-1","1,389220000000000e-1","1,343110000000000e-1","1,257870000000000e-1"
"4,390000000000000e+2","-3,604000000000000e-2","1,067170000000000e-1","1,459840000000000e-1","1,034470000000000e-1","1,354670000000000e-1","1,308740000000000e-1","1,226350000000000e-1"
"4,400000000000000e+2","-3,548000000000000e-2","1,026810000000000e-1","1,412420000000000e-1","9,951800000000000e-2","1,319140000000000e-1","1,277990000000000e-1","1,190520000000000e-1"
"4,410000000000000e+2","-3,540000000000000e-2","9,950400000000000e-2","1,373080000000000e-1","9,665300000000000e-2","1,295080000000000e-1","1,250970000000000e-1","1,168220000000000e-1"
"4,420000000000000e+2","-3,491000000000000e-2","9,687200000000000e-2","1,341780000000000e-1","9,387500000000000e-2","1,270470000000000e-1","1,227190000000000e-1","1,144970000000000e-1"
"4,430000000000000e+2","-3,498000000000000e-2","9,513300000000000e-2","1,317380000000000e-1","9,215700000000000e-2","1,257780000000000e-1","1,216020000000000e-1","1,132510000000000e-1"
"4,440000000000000e+2","-3,465000000000000e-2","9,337700000000000e-2","1,295950000000000e-1","9,084100000000000e-2","1,245350000000000e-1","1,204490000000000e-1","1,118260000000000e-1"
"4,450000000000000e+2","-3,437000000000000e-2","9,239400000000000e-2","1,282860000000000e-1","8,979200000000000e-2","1,240450000000000e-1","1,196640000000000e-1","1,113970000000000e-1"
"4,460000000000000e+2","-3,422000000000000e-2","9,167400000000000e-2","1,272300000000000e-1","8,913100000000000e-2","1,236310000000000e-1","1,194350000000000e-1","1,109250000000000e-1"
"4,470000000000000e+2","-3,403000000000000e-2","9,139600000000000e-2","1,266730000000000e-1","8,891900000000000e-2","1,237040000000000e-1","1,195660000000000e-1","1,110480000000000e-1"
"4,480000000000000e+2","-3,371000000000000e-2","9,084900000000000e-2","1,265650000000000e-1","8,843000000000000e-2","1,236860000000000e-1","1,195630000000000e-1","1,111170000000000e-1"
"4,490000000000000e+2","-3,353000000000000e-2","9,085400000000000e-2","1,263700000000000e-1","8,873200000000000e-2","1,240450000000000e-1","1,198220000000000e-1","1,111750000000000e-1"
"4,500000000000000e+2","-3,323000000000000e-2","9,121700000000000e-2","1,264710000000000e-1","8,859600000000000e-2","1,241360000000000e-1","1,199230000000000e-1","1,112340000000000e-1"
"4,510000000000000e+2","-3,321000000000000e-2","9,168400000000000e-2","1,269280000000000e-1","8,898500000000000e-2","1,245440000000000e-1","1,203910000000000e-1","1,115280000000000e-1"
"4,520000000000000e+2","-3,276000000000000e-2","9,156700000000000e-2","1,269720000000000e-1","8,888200000000000e-2","1,241170000000000e-1","1,201820000000000e-1","1,113760000000000e-1"
"4,530000000000000e+2","-3,264000000000000e-2","9,163400000000000e-2","1,271290000000000e-1","8,908100000000000e-2","1,238370000000000e-1","1,201830000000000e-1","1,112640000000000e-1"
"4,540000000000000e+2","-3,253000000000000e-2","9,162100000000000e-2","1,268570000000000e-1","8,922000000000000e-2","1,236680000000000e-1","1,196160000000000e-1","1,110460000000000e-1"
"4,550000000000000e+2","-3,204000000000000e-2","9,121200000000000e-2","1,265140000000000e-1","8,880100000000000e-2","1,228650000000000e-1","1,187820000000000e-1","1,099910000000000e-1"
"4,560000000000000e+2","-3,186000000000000e-2","9,085800000000000e-2","1,263890000000000e-1","8,872500000000000e-2","1,221160000000000e-1","1,181950000000000e-1","1,093930000000000e-1"
"4,570000000000000e+2","-3,160000000000000e-2","9,019500000000000e-2","1,257820000000000e-1","8,796500000000000e-2","1,212220000000000e-1","1,171060000000000e-1","1,082110000000000e-1"
"4,580000000000000e+2","-3,117000000000000e-2","8,998000000000000e-2","1,251610000000000e-1","8,793200000000000e-2","1,199690000000000e-1","1,160240000000000e-1","1,071590000000000e-1"
"4,590000000000000e+2","-3,093000000000000e-2","8,922200000000000e-2","1,244740000000000e-1","8,692900000000000e-2","1,185040000000000e-1","1,146170000000000e-1","1,057820000000000e-1"
"4,600000000000000e+2","-3,072000000000000e-2","8,822000000000000e-2","1,231610000000000e-1","8,596000000000000e-2","1,170730000000000e-1","1,129520000000000e-1","1,039020000000000e-1"
"4,610000000000000e+2","-3,076000000000000e-2","8,724800000000000e-2","1,222850000000000e-1","8,497500000000000e-2","1,155180000000000e-1","1,112640000000000e-1","1,024880000000000e-1"
"4,620000000000000e+2","-3,077000000000000e-2","8,635400000000000e-2","1,212410000000000e-1","8,436600000000000e-2","1,140070000000000e-1","1,098450000000000e-1","1,009660000000000e-1"
"4,630000000000000e+2","-3,036000000000000e-2","8,501300000000000e-2","1,195140000000000e-1","8,288400000000000e-2","1,116170000000000e-1","1,076430000000000e-1","9,904800000000000e-2"
"4,640000000000000e+2","-3,031000000000000e-2","8,389400000000000e-2","1,182910000000000e-1","8,185700000000000e-2","1,099270000000000e-1","1,060840000000000e-1","9,733700000000000e-2"
"4,650000000000000e+2","-3,033000000000000e-2","8,280200000000000e-2","1,170720000000000e-1","8,088700000000000e-2","1,085820000000000e-1","1,045590000000000e-1","9,609600000000000e-2"
"4,660000000000000e+2","-3,005000000000000e-2","8,181100000000000e-2","1,155720000000000e-1","7,975100000000000e-2","1,069940000000000e-1","1,030240000000000e-1","9,427600000000000e-2"
"4,670000000000000e+2","-3,019000000000000e-2","8,107100000000000e-2","1,144580000000000e-1","7,951600000000000e-2","1,058050000000000e-1","1,021110000000000e-1","9,340100000000000e-2"
"4,680000000000000e+2","-2,967000000000000e-2","7,996100000000000e-2","1,132130000000000e-1","7,804000000000000e-2","1,044430000000000e-1","1,006250000000000e-1","9,194700000000000e-2"
"4,690000000000000e+2","-3,003000000000000e-2","7,962900000000000e-2","1,124510000000000e-1","7,805400000000000e-2","1,039770000000000e-1","1,003350000000000e-1","9,152500000000000e-2"
"4,700000000000000e+2","-2,960000000000000e-2","7,901200000000000e-2","1,118160000000000e-1","7,733200000000000e-2","1,029970000000000e-1","9,934000000000000e-2","9,062600000000000e-2"
"4,710000000000000e+2","-2,975000000000000e-2","7,876300000000000e-2","1,114710000000000e-1","7,718300000000000e-2","1,026380000000000e-1","9,921800000000000e-2","9,037600000000000e-2"
"4,720000000000000e+2","-2,958000000000000e-2","7,840800000000000e-2","1,110920000000000e-1","7,693800000000000e-2","1,022840000000000e-1","9,849700000000000e-2","8,997100000000000e-2"
"4,730000000000000e+2","-2,937000000000000e-2","7,813800000000000e-2","1,107420000000000e-1","7,689900000000000e-2","1,020960000000000e-1","9,832700000000000e-2","8,951900000000000e-2"
"4,740000000000000e+2","-2,945000000000000e-2","7,837000000000000e-2","1,106020000000000e-1","7,698700000000000e-2","1,018000000000000e-1","9,832000000000000e-2","8,967400000000000e-2"
"4,750000000000000e+2","-2,921000000000000e-2","7,829400000000000e-2","1,108740000000000e-1","7,687900000000000e-2","1,019630000000000e-1","9,822300000000000e-2","8,923100000000000e-2"
"4,760000000000000e+2","-2,919000000000000e-2","7,850700000000000e-2","1,108830000000000e-1","7,687500000000000e-2","1,019520000000000e-1","9,839900000000000e-2","8,935800000000000e-2"
"4,770000000000000e+2","-2,929000000000000e-2","7,866000000000000e-2","1,112010000000000e-1","7,734200000000000e-2","1,019980000000000e-1","9,873400000000000e-2","8,983800000000000e-2"
"4,780000000000000e+2","-2,906000000000000e-2","7,886300000000000e-2","1,115120000000000e-1","7,729400000000000e-2","1,019240000000000e-1","9,833500000000000e-2","8,983700000000000e-2"
"4,790000000000000e+2","-2,916000000000000e-2","7,918800000000000e-2","1,118960000000000e-1","7,769600000000000e-2","1,020850000000000e-1","9,856900000000000e-2","8,950100000000000e-2"
"4,800000000000000e+2","-2,926000000000000e-2","7,935400000000000e-2","1,119460000000000e-1","7,767500000000000e-2","1,021320000000000e-1","9,849300000000000e-2","8,960200000000000e-2"
"4,810000000000000e+2","-2,878000000000000e-2","7,886000000000000e-2","1,113330000000000e-1","7,731500000000000e-2","1,013130000000000e-1","9,765900000000000e-2","8,899300000000000e-2"
"4,820000000000000e+2","-2,920000000000000e-2","7,914800000000000e-2","1,116160000000000e-1","7,747900000000000e-2","1,013480000000000e-1","9,776500000000000e-2","8,899300000000000e-2"
"4,830000000000000e+2","-2,923000000000000e-2","7,886200000000000e-2","1,114350000000000e-1","7,742000000000000e-2","1,008830000000000e-1","9,700100000000000e-2","8,836800000000000e-2"
"4,840000000000000e+2","-2,919000000000000e-2","7,901200000000000e-2","1,114830000000000e-1","7,721600000000000e-2","1,003890000000000e-1","9,640600000000000e-2","8,774600000000000e-2"
"4,850000000000000e+2","-2,868000000000000e-2","7,804800000000000e-2","1,101140000000000e-1","7,615600000000000e-2","9,876800000000000e-2","9,466400000000000e-2","8,668800000000000e-2"
"4,860000000000000e+2","-2,890000000000000e-2","7,725400000000000e-2","1,095120000000000e-1","7,567900000000000e-2","9,769600000000000e-2","9,423400000000000e-2","8,568400000000000e-2"
"4,870000000000000e+2","-2,894000000000000e-2","7,655900000000000e-2","1,082580000000000e-1","7,465700000000000e-2","9,636300000000000e-2","9,272400000000000e-2","8,402200000000000e-2"
"4,880000000000000e+2","-2,914000000000000e-2","7,582000000000000e-2","1,072410000000000e-1","7,370100000000000e-2","9,486600000000000e-2","9,115100000000000e-2","8,282300000000000e-2"
"4,890000000000000e+2","-2,923000000000000e-2","7,411200000000000e-2","1,056780000000000e-1","7,232300000000000e-2","9,282800000000000e-2","8,920000000000000e-2","8,100900000000000e-2"
"4,900000000000000e+2","-2,896000000000000e-2","7,253500000000000e-2","1,036510000000000e-1","7,078100000000000e-2","9,060600000000000e-2","8,681400000000000e-2","7,885300000000000e-2"
"4,910000000000000e+2","-2,933000000000000e-2","7,127600000000001e-2","1,020710000000000e-1","6,944000000000000e-2","8,870200000000000e-2","8,517300000000000e-2","7,690300000000000e-2"
"4,920000000000000e+2","-2,922000000000000e-2","6,958599999999999e-2","9,983100000000000e-2","6,778700000000000e-2","8,639700000000000e-2","8,282800000000000e-2","7,455500000000000e-2"
"4,930000000000000e+2","-2,898000000000000e-2","6,777500000000000e-2","9,775500000000000e-2","6,588600000000000e-2","8,380700000000000e-2","8,042400000000000e-2","7,234400000000000e-2"
"4,940000000000000e+2","-2,885000000000000e-2","6,578900000000000e-2","9,527600000000000e-2","6,413500000000000e-2","8,125000000000000e-2","7,811900000000000e-2","6,992300000000000e-2"
"4,950000000000000e+2","-2,875000000000000e-2","6,391300000000000e-2","9,279500000000000e-2","6,227400000000000e-2","7,876500000000000e-2","7,542100000000000e-2","6,722400000000001e-2"
"4,960000000000000e+2","-2,866000000000000e-2","6,182300000000000e-2","9,054500000000000e-2","6,042800000000000e-2","7,645900000000000e-2","7,306200000000000e-2","6,504200000000000e-2"
"4,970000000000000e+2","-2,866000000000000e-2","6,006400000000000e-2","8,828700000000000e-2","5,859200000000000e-2","7,396900000000000e-2","7,060800000000001e-2","6,268600000000001e-2"
"4,980000000000000e+2","-2,830000000000000e-2","5,776700000000000e-2","8,529100000000000e-2","5,636600000000000e-2","7,102200000000000e-2","6,804499999999999e-2","6,012800000000000e-2"
"4,990000000000000e+2","-2,837000000000000e-2","5,588400000000000e-2","8,271100000000000e-2","5,475600000000000e-2","6,861800000000000e-2","6,579400000000001e-2","5,768400000000000e-2"
"5,000000000000000e+2","-2,791000000000000e-2","5,415100000000000e-2","8,010600000000000e-2","5,296800000000000e-2","6,619700000000001e-2","6,287200000000000e-2","5,500600000000000e-2"
"5,010000000000000e+2","-2,792000000000000e-2","5,196900000000000e-2","7,756700000000000e-2","5,100600000000000e-2","6,359099999999999e-2","6,089900000000000e-2","5,276400000000000e-2"
"5,020000000000000e+2","-2,773000000000000e-2","4,988000000000000e-2","7,504300000000000e-2","4,900900000000000e-2","6,123800000000000e-2","5,833900000000000e-2","5,033700000000000e-2"
"5,030000000000000e+2","-2,702000000000000e-2","4,742400000000000e-2","7,184000000000000e-2","4,659500000000000e-2","5,835800000000000e-2","5,550000000000000e-2","4,739100000000000e-2"
"5,040000000000000e+2","-2,672000000000000e-2","4,537800000000000e-2","6,937100000000000e-2","4,473400000000000e-2","5,602900000000000e-2","5,311000000000000e-2","4,553400000000000e-2"
"5,050000000000000e+2","-2,649000000000000e-2","4,361900000000000e-2","6,703000000000001e-2","4,291000000000000e-2","5,392600000000000e-2","5,125600000000000e-2","4,352100000000000e-2"
"5,060000000000000e+2","-2,670000000000000e-2","4,236100000000000e-2","6,536300000000001e-2","4,179300000000000e-2","5,236700000000000e-2","4,996400000000000e-2","4,215300000000000e-2"
"5,070000000000000e+2","-2,631000000000000e-2","4,033000000000000e-2","6,303800000000000e-2","4,014600000000000e-2","5,034600000000000e-2","4,771000000000000e-2","4,007000000000000e-2"
"5,080000000000000e+2","-2,600000000000000e-2","3,887800000000000e-2","6,090100000000000e-2","3,856500000000000e-2","4,836600000000000e-2","4,581800000000000e-2","3,814800000000000e-2"
"5,090000000000000e+2","-2,591000000000000e-2","3,733200000000000e-2","5,914000000000000e-2","3,729300000000000e-2","4,665600000000000e-2","4,438200000000000e-2","3,661500000000000e-2"
"5,100000000000000e+2","-2,599000000000000e-2","3,607800000000000e-2","5,746000000000000e-2","3,617200000000000e-2","4,508200000000000e-2","4,288300000000000e-2","3,521600000000000e-2"
"5,110000000000000e+2","-2,591000000000000e-2","3,496700000000000e-2","5,570600000000000e-2","3,493200000000000e-2","4,355000000000000e-2","4,148900000000000e-2","3,364300000000000e-2"
"5,120000000000000e+2","-2,574000000000000e-2","3,345900000000000e-2","5,402600000000000e-2","3,371500000000000e-2","4,198300000000000e-2","3,986900000000000e-2","3,255100000000000e-2"
"5,130000000000000e+2","-2,568000000000000e-2","3,239900000000000e-2","5,248100000000000e-2","3,247300000000000e-2","4,068700000000000e-2","3,880600000000000e-2","3,131300000000000e-2"
"5,140000000000000e+2","-2,545000000000000e-2","3,095400000000000e-2","5,040600000000000e-2","3,126800000000000e-2","3,912200000000000e-2","3,725800000000000e-2","2,986800000000000e-2"
"5,150000000000000e+2","-2,522000000000000e-2","2,953800000000000e-2","4,891100000000000e-2","3,001200000000000e-2","3,784700000000000e-2","3,573200000000000e-2","2,856400000000000e-2"
"5,160000000000000e+2","-2,505000000000000e-2","2,845000000000000e-2","4,758200000000000e-2","2,887700000000000e-2","3,655000000000000e-2","3,469100000000000e-2","2,720200000000000e-2"
"5,170000000000000e+2","-2,504000000000000e-2","2,754600000000000e-2","4,638100000000000e-2","2,801300000000000e-2","3,558600000000000e-2","3,363900000000000e-2","2,645100000000000e-2"
"5,180000000000000e+2","-2,466000000000000e-2","2,619200000000000e-2","4,496900000000000e-2","2,676600000000000e-2","3,411200000000000e-2","3,243800000000000e-2","2,490700000000000e-2"
"5,190000000000000e+2","-2,483000000000000e-2","2,543700000000000e-2","4,389200000000000e-2","2,632400000000000e-2","3,334200000000000e-2","3,180200000000000e-2","2,443600000000000e-2"
"5,200000000000000e+2","-2,453000000000000e-2","2,425900000000000e-2","4,276900000000000e-2","2,517100000000000e-2","3,245500000000000e-2","3,071100000000000e-2","2,335800000000000e-2"
"5,210000000000000e+2","-2,437000000000000e-2","2,334300000000000e-2","4,132400000000000e-2","2,427300000000000e-2","3,140300000000000e-2","2,977900000000000e-2","2,238300000000000e-2"
"5,220000000000000e+2","-2,437000000000000e-2","2,274800000000000e-2","4,064800000000000e-2","2,362600000000000e-2","3,060900000000000e-2","2,927000000000000e-2","2,157400000000000e-2"
"5,230000000000000e+2","-2,417000000000000e-2","2,184700000000000e-2","3,947500000000000e-2","2,276100000000000e-2","2,956600000000000e-2","2,829800000000000e-2","2,084200000000000e-2"
"5,240000000000000e+2","-2,425000000000000e-2","2,111500000000000e-2","3,864900000000000e-2","2,222000000000000e-2","2,902600000000000e-2","2,798700000000000e-2","2,014600000000000e-2"
"5,250000000000000e+2","-2,373000000000000e-2","1,987500000000000e-2","3,761400000000000e-2","2,104800000000000e-2","2,779600000000000e-2","2,665800000000000e-2","1,912900000000000e-2"
"5,260000000000000e+2","-2,380000000000000e-2","1,944200000000000e-2","3,688100000000000e-2","2,062000000000000e-2","2,726600000000000e-2","2,617900000000000e-2","1,868600000000000e-2"
"5,270000000000000e+2","-2,364000000000000e-2","1,863900000000000e-2","3,600000000000000e-2","1,967700000000000e-2","2,657200000000000e-2","2,552200000000000e-2","1,803600000000000e-2"
"5,280000000000000e+2","-2,333000000000000e-2","1,769500000000000e-2","3,520200000000000e-2","1,893000000000000e-2","2,573700000000000e-2","2,468600000000000e-2","1,721400000000000e-2"
"5,290000000000000e+2","-2,353000000000000e-2","1,744700000000000e-2","3,472200000000000e-2","1,860800000000000e-2","2,543000000000000e-2","2,448500000000000e-2","1,710100000000000e-2"
"5,300000000000000e+2","-2,327000000000000e-2","1,672500000000000e-2","3,378200000000000e-2","1,816100000000000e-2","2,463700000000000e-2","2,397100000000000e-2","1,634100000000000e-2"
"5,310000000000000e+2","-2,300000000000000e-2","1,635700000000000e-2","3,310100000000000e-2","1,735300000000000e-2","2,420900000000000e-2","2,342100000000000e-2","1,583300000000000e-2"
"5,320000000000000e+2","-2,295000000000000e-2","1,582000000000000e-2","3,258200000000000e-2","1,707700000000000e-2","2,377900000000000e-2","2,318500000000000e-2","1,548500000000000e-2"
"5,330000000000000e+2","-2,279000000000000e-2","1,548400000000000e-2","3,216900000000000e-2","1,662000000000000e-2","2,331700000000000e-2","2,244100000000000e-2","1,510900000000000e-2"
"5,340000000000000e+2","-2,278000000000000e-2","1,510000000000000e-2","3,165500000000000e-2","1,622000000000000e-2","2,312300000000000e-2","2,229000000000000e-2","1,474700000000000e-2"
"5,350000000000000e+2","-2,261000000000000e-2","1,466600000000000e-2","3,123000000000000e-2","1,602600000000000e-2","2,248000000000000e-2","2,151700000000000e-2","1,416900000000000e-2"
"5,360000000000000e+2","-2,251000000000000e-2","1,416100000000000e-2","3,077000000000000e-2","1,552700000000000e-2","2,217600000000000e-2","2,165600000000000e-2","1,398300000000000e-2"
"5,370000000000000e+2","-2,224000000000000e-2","1,371800000000000e-2","2,983300000000000e-2","1,499200000000000e-2","2,173400000000000e-2","2,093300000000000e-2","1,339200000000000e-2"
"5,380000000000000e+2","-2,213000000000000e-2","1,318400000000000e-2","2,955900000000000e-2","1,479400000000000e-2","2,108800000000000e-2","2,059100000000000e-2","1,311300000000000e-2"
"5,390000000000000e+2","-2,209000000000000e-2","1,287300000000000e-2","2,913800000000000e-2","1,452200000000000e-2","2,085900000000000e-2","2,014300000000000e-2","1,272100000000000e-2"
"5,400000000000000e+2","-2,196000000000000e-2","1,243100000000000e-2","2,868900000000000e-2","1,404300000000000e-2","2,061100000000000e-2","2,000900000000000e-2","1,230400000000000e-2"
"5,410000000000000e+2","-2,173000000000000e-2","1,176600000000000e-2","2,807900000000000e-2","1,350600000000000e-2","1,999200000000000e-2","1,954500000000000e-2","1,217300000000000e-2"
"5,420000000000000e+2","-2,162000000000000e-2","1,139600000000000e-2","2,753000000000000e-2","1,315400000000000e-2","1,957400000000000e-2","1,926600000000000e-2","1,156100000000000e-2"
"5,430000000000000e+2","-2,164000000000000e-2","1,115200000000000e-2","2,732100000000000e-2","1,282000000000000e-2","1,936500000000000e-2","1,921900000000000e-2","1,161700000000000e-2"
"5,440000000000000e+2","-2,145000000000000e-2","1,088400000000000e-2","2,674600000000000e-2","1,262700000000000e-2","1,913400000000000e-2","1,861100000000000e-2","1,128300000000000e-2"
"5,450000000000000e+2","-2,125000000000000e-2","1,068200000000000e-2","2,629300000000000e-2","1,217800000000000e-2","1,874100000000000e-2","1,830000000000000e-2","1,086300000000000e-2"
"5,460000000000000e+2","-2,126000000000000e-2","1,032700000000000e-2","2,613500000000000e-2","1,199500000000000e-2","1,863600000000000e-2","1,819100000000000e-2","1,077700000000000e-2"
"5,470000000000000e+2","-2,102000000000000e-2","9,847000000000000e-3","2,589800000000000e-2","1,177300000000000e-2","1,838300000000000e-2","1,788800000000000e-2","1,068100000000000e-2"
"5,480000000000000e+2","-2,097000000000000e-2","9,864000000000000e-3","2,554100000000000e-2","1,142000000000000e-2","1,827400000000000e-2","1,780200000000000e-2","1,023000000000000e-2"
"5,490000000000000e+2","-2,077000000000000e-2","9,448000000000000e-3","2,513700000000000e-2","1,142500000000000e-2","1,791900000000000e-2","1,752900000000000e-2","1,027200000000000e-2"
"5,500000000000000e+2","-2,042000000000000e-2","9,042000000000000e-3","2,475200000000000e-2","1,089600000000000e-2","1,750400000000000e-2","1,739300000000000e-2","9,625999999999998e-3"
"5,510000000000000e+2","-2,064000000000000e-2","9,456000000000002e-3","2,485900000000000e-2","1,122200000000000e-2","1,776300000000000e-2","1,753800000000000e-2","9,766000000000000e-3"
"5,520000000000000e+2","-2,025000000000000e-2","8,925000000000000e-3","2,447100000000000e-2","1,061000000000000e-2","1,736000000000000e-2","1,713500000000000e-2","9,368000000000000e-3"
"5,530000000000000e+2","-2,028000000000000e-2","8,965000000000000e-3","2,459600000000000e-2","1,082200000000000e-2","1,743600000000000e-2","1,750800000000000e-2","9,622000000000000e-3"
"5,540000000000000e+2","-1,997000000000000e-2","8,687000000000000e-3","2,428700000000000e-2","1,056900000000000e-2","1,708300000000000e-2","1,716800000000000e-2","9,540000000000000e-3"
"5,550000000000000e+2","-2,006000000000000e-2","8,918000000000000e-3","2,434400000000000e-2","1,079100000000000e-2","1,718200000000000e-2","1,732100000000000e-2","9,492000000000000e-3"
"5,560000000000000e+2","-1,993000000000000e-2","8,903000000000000e-3","2,415800000000000e-2","1,079700000000000e-2","1,726600000000000e-2","1,713300000000000e-2","9,817000000000000e-3"
"5,570000000000000e+2","-1,974000000000000e-2","8,896000000000000e-3","2,423400000000000e-2","1,050300000000000e-2","1,722700000000000e-2","1,730900000000000e-2","9,481000000000000e-3"
"5,580000000000000e+2","-1,941000000000000e-2","8,486000000000000e-3","2,393700000000000e-2","1,043200000000000e-2","1,702700000000000e-2","1,688000000000000e-2","9,155000000000000e-3"
"5,590000000000000e+2","-1,945000000000000e-2","8,523000000000000e-3","2,396100000000000e-2","1,065600000000000e-2","1,753500000000000e-2","1,727800000000000e-2","9,597000000000000e-3"
"5,600000000000000e+2","-1,941000000000000e-2","8,751000000000000e-3","2,416300000000000e-2","1,073500000000000e-2","1,746000000000000e-2","1,727900000000000e-2","9,827000000000000e-3"
"5,610000000000000e+2","-1,928000000000000e-2","8,743000000000000e-3","2,430400000000000e-2","1,095600000000000e-2","1,744500000000000e-2","1,769600000000000e-2","9,746000000000000e-3"
"5,620000000000000e+2","-1,911000000000000e-2","9,108000000000000e-3","2,462700000000000e-2","1,086800000000000e-2","1,791400000000000e-2","1,768500000000000e-2","9,908000000000000e-3"
"5,630000000000000e+2","-1,890000000000000e-2","8,924000000000000e-3","2,437100000000000e-2","1,081800000000000e-2","1,774900000000000e-2","1,784500000000000e-2","1,003400000000000e-2"
"5,640000000000000e+2","-1,874000000000000e-2","9,043000000000000e-3","2,476100000000000e-2","1,085300000000000e-2","1,792000000000000e-2","1,769100000000000e-2","9,977000000000000e-3"
"5,650000000000000e+2","-1,865000000000000e-2","9,039000000000000e-3","2,459700000000000e-2","1,092800000000000e-2","1,805100000000000e-2","1,821300000000000e-2","1,017900000000000e-2"
"5,660000000000000e+2","-1,861000000000000e-2","9,363000000000000e-3","2,497100000000000e-2","1,132800000000000e-2","1,826900000000000e-2","1,847400000000000e-2","1,053600000000000e-2"
"5,670000000000000e+2","-1,844000000000000e-2","9,429000000000000e-3","2,498000000000000e-2","1,117200000000000e-2","1,827800000000000e-2","1,846700000000000e-2","1,057900000000000e-2"
"5,680000000000000e+2","-1,840000000000000e-2","9,508000000000002e-3","2,521000000000000e-2","1,143200000000000e-2","1,854900000000000e-2","1,867700000000000e-2","1,079300000000000e-2"
"5,690000000000000e+2","-1,825000000000000e-2","9,656000000000000e-3","2,508800000000000e-2","1,145200000000000e-2","1,878900000000000e-2","1,882400000000000e-2","1,097900000000000e-2"
"5,700000000000000e+2","-1,806000000000000e-2","9,472000000000000e-3","2,527000000000000e-2","1,158200000000000e-2","1,897800000000000e-2","1,902200000000000e-2","1,112600000000000e-2"
"5,710000000000000e+2","-1,801000000000000e-2","9,894000000000000e-3","2,535600000000000e-2","1,162800000000000e-2","1,926100000000000e-2","1,914900000000000e-2","1,117700000000000e-2"
"5,720000000000000e+2","-1,782000000000000e-2","9,887000000000000e-3","2,552700000000000e-2","1,181200000000000e-2","1,932600000000000e-2","1,934000000000000e-2","1,149000000000000e-2"
"5,730000000000000e+2","-1,758000000000000e-2","9,645000000000000e-3","2,517800000000000e-2","1,167900000000000e-2","1,910900000000000e-2","1,936000000000000e-2","1,153100000000000e-2"
"5,740000000000000e+2","-1,748000000000000e-2","9,599000000000000e-3","2,515200000000000e-2","1,173100000000000e-2","1,923300000000000e-2","1,945100000000000e-2","1,149500000000000e-2"
"5,750000000000000e+2","-1,742000000000000e-2","9,846000000000000e-3","2,554100000000000e-2","1,187900000000000e-2","1,944100000000000e-2","1,938900000000000e-2","1,184000000000000e-2"
"5,760000000000000e+2","-1,725000000000000e-2","9,930000000000000e-3","2,548900000000000e-2","1,182300000000000e-2","1,961700000000000e-2","1,973200000000000e-2","1,192400000000000e-2"
"5,770000000000000e+2","-1,722000000000000e-2","1,029000000000000e-2","2,579100000000000e-2","1,211000000000000e-2","1,969800000000000e-2","1,990900000000000e-2","1,203900000000000e-2"
"5,780000000000000e+2","-1,715000000000000e-2","1,027200000000000e-2","2,556600000000000e-2","1,217100000000000e-2","1,993200000000000e-2","1,974700000000000e-2","1,206000000000000e-2"
"5,790000000000000e+2","-1,703000000000000e-2","1,026700000000000e-2","2,581100000000000e-2","1,220000000000000e-2","2,003900000000000e-2","2,008000000000000e-2","1,212600000000000e-2"
"5,800000000000000e+2","-1,692000000000000e-2","1,022000000000000e-2","2,544200000000000e-2","1,212800000000000e-2","1,995700000000000e-2","2,002400000000000e-2","1,221100000000000e-2"
"5,810000000000000e+2","-1,666000000000000e-2","1,017700000000000e-2","2,542800000000000e-2","1,221200000000000e-2","1,976200000000000e-2","1,976200000000000e-2","1,211400000000000e-2"
"5,820000000000000e+2","-1,664000000000000e-2","1,001300000000000e-2","2,525900000000000e-2","1,220700000000000e-2","1,971800000000000e-2","2,003200000000000e-2","1,220100000000000e-2"
"5,830000000000000e+2","-1,640000000000000e-2","1,005400000000000e-2","2,525900000000000e-2","1,197000000000000e-2","1,972900000000000e-2","1,970700000000000e-2","1,194700000000000e-2"
"5,840000000000000e+2","-1,634000000000000e-2","9,917000000000000e-3","2,518400000000000e-2","1,178000000000000e-2","1,960800000000000e-2","1,976000000000000e-2","1,192700000000000e-2"
"5,850000000000000e+2","-1,615000000000000e-2","9,784000000000000e-3","2,473500000000000e-2","1,169700000000000e-2","1,953800000000000e-2","1,950600000000000e-2","1,185700000000000e-2"
"5,860000000000000e+2","-1,600000000000000e-2","9,614000000000000e-3","2,461600000000000e-2","1,155200000000000e-2","1,934000000000000e-2","1,932800000000000e-2","1,170400000000000e-2"
"5,870000000000000e+2","-1,581000000000000e-2","9,468000000000000e-3","2,447800000000000e-2","1,145600000000000e-2","1,926500000000000e-2","1,922100000000000e-2","1,128900000000000e-2"
"5,880000000000000e+2","-1,570000000000000e-2","9,424000000000000e-3","2,317300000000000e-2","1,133500000000000e-2","1,887000000000000e-2","1,921700000000000e-2","1,158900000000000e-2"
"5,890000000000000e+2","-1,559000000000000e-2","9,206000000000000e-3","2,422700000000000e-2","1,120900000000000e-2","1,896300000000000e-2","1,904000000000000e-2","1,116600000000000e-2"
"5,900000000000000e+2","-1,550000000000000e-2","9,217000000000000e-3","2,430700000000000e-2","1,121300000000000e-2","1,897900000000000e-2","1,906900000000000e-2","1,122000000000000e-2"
"5,910000000000000e+2","-1,543000000000000e-2","9,453000000000000e-3","2,421400000000000e-2","1,125800000000000e-2","1,894300000000000e-2","1,917900000000000e-2","1,125200000000000e-2"
"5,920000000000000e+2","-1,533000000000000e-2","9,402000000000000e-3","2,429800000000000e-2","1,150000000000000e-2","1,885100000000000e-2","1,901700000000000e-2","1,112500000000000e-2"
"5,930000000000000e+2","-1,519000000000000e-2","9,210000000000000e-3","2,441100000000000e-2","1,148400000000000e-2","1,900000000000000e-2","1,902300000000000e-2","1,107100000000000e-2"
"5,940000000000000e+2","-1,502000000000000e-2","9,309000000000000e-3","2,444800000000000e-2","1,141100000000000e-2","1,885500000000000e-2","1,894500000000000e-2","1,111000000000000e-2"
"5,950000000000000e+2","-1,496000000000000e-2","9,403000000000000e-3","2,438900000000000e-2","1,161500000000000e-2","1,896800000000000e-2","1,909700000000000e-2","1,145700000000000e-2"
"5,960000000000000e+2","-1,498000000000000e-2","9,837000000000000e-3","2,469400000000000e-2","1,177000000000000e-2","1,928400000000000e-2","1,944800000000000e-2","1,174700000000000e-2"
"5,970000000000000e+2","-1,495000000000000e-2","1,018200000000000e-2","2,512600000000000e-2","1,207100000000000e-2","1,958400000000000e-2","1,966600000000000e-2","1,212000000000000e-2"
"5,980000000000000e+2","-1,467000000000000e-2","1,005000000000000e-2","2,513600000000000e-2","1,191000000000000e-2","1,962500000000000e-2","1,985900000000000e-2","1,192000000000000e-2"
"5,990000000000000e+2","-1,477000000000000e-2","1,055100000000000e-2","2,536700000000000e-2","1,261700000000000e-2","2,010000000000000e-2","2,017300000000000e-2","1,251000000000000e-2"
"6,000000000000000e+2","-1,428000000000000e-2","1,061400000000000e-2","2,541500000000000e-2","1,221800000000000e-2","1,995200000000000e-2","2,032200000000000e-2","1,254600000000000e-2"
"6,010000000000000e+2","-1,411000000000000e-2","1,089000000000000e-2","2,581900000000000e-2","1,274000000000000e-2","2,041600000000000e-2","2,047400000000000e-2","1,272700000000000e-2"
"6,020000000000000e+2","-1,410000000000000e-2","1,132700000000000e-2","2,641400000000000e-2","1,338600000000000e-2","2,072000000000000e-2","2,106300000000000e-2","1,327800000000000e-2"
"6,030000000000000e+2","-1,404000000000000e-2","1,160300000000000e-2","2,693000000000000e-2","1,361400000000000e-2","2,112400000000000e-2","2,136100000000000e-2","1,341100000000000e-2"
"6,040000000000000e+2","-1,380000000000000e-2","1,176800000000000e-2","2,719700000000000e-2","1,365500000000000e-2","2,132200000000000e-2","2,176300000000000e-2","1,372200000000000e-2"
"6,050000000000000e+2","-1,374000000000000e-2","1,218100000000000e-2","2,767900000000000e-2","1,423800000000000e-2","2,173400000000000e-2","2,200100000000000e-2","1,405500000000000e-2"
"6,060000000000000e+2","-1,367000000000000e-2","1,243200000000000e-2","2,785400000000000e-2","1,447500000000000e-2","2,203400000000000e-2","2,228300000000000e-2","1,445400000000000e-2"
"6,070000000000000e+2","-1,343000000000000e-2","1,266600000000000e-2","2,806500000000000e-2","1,458200000000000e-2","2,222500000000000e-2","2,265400000000000e-2","1,467600000000000e-2"
"6,080000000000000e+2","-1,333000000000000e-2","1,300700000000000e-2","2,844500000000000e-2","1,458500000000000e-2","2,284200000000000e-2","2,278100000000000e-2","1,498400000000000e-2"
"6,090000000000000e+2","-1,321000000000000e-2","1,303200000000000e-2","2,858600000000000e-2","1,495400000000000e-2","2,303200000000000e-2","2,300000000000000e-2","1,522200000000000e-2"
"6,100000000000000e+2","-1,276000000000000e-2","1,281400000000000e-2","2,855100000000000e-2","1,477100000000000e-2","2,294700000000000e-2","2,279200000000000e-2","1,506200000000000e-2"
"6,110000000000000e+2","-1,270000000000000e-2","1,335500000000000e-2","2,878000000000000e-2","1,501300000000000e-2","2,313800000000000e-2","2,324300000000000e-2","1,526500000000000e-2"
"6,120000000000000e+2","-1,259000000000000e-2","1,342100000000000e-2","2,877700000000000e-2","1,530000000000000e-2","2,335200000000000e-2","2,339600000000000e-2","1,550300000000000e-2"
"6,130000000000000e+2","-1,261000000000000e-2","1,382300000000000e-2","2,904300000000000e-2","1,551100000000000e-2","2,363800000000000e-2","2,380900000000000e-2","1,581800000000000e-2"
"6,140000000000000e+2","-1,233000000000000e-2","1,380500000000000e-2","2,912100000000000e-2","1,524700000000000e-2","2,356600000000000e-2","2,378900000000000e-2","1,583400000000000e-2"
"6,150000000000000e+2","-1,213000000000000e-2","1,394300000000000e-2","2,914800000000000e-2","1,559400000000000e-2","2,351100000000000e-2","2,412600000000000e-2","1,569600000000000e-2"
"6,160000000000000e+2","-1,201000000000000e-2","1,384600000000000e-2","2,935000000000000e-2","1,562600000000000e-2","2,377300000000000e-2","2,410800000000000e-2","1,608900000000000e-2"
"6,170000000000000e+2","-1,194000000000000e-2","1,388900000000000e-2","2,933700000000000e-2","1,555400000000000e-2","2,373400000000000e-2","2,419500000000000e-2","1,584300000000000e-2"
"6,180000000000000e+2","-1,142000000000000e-2","1,353600000000000e-2","2,903000000000000e-2","1,532900000000000e-2","2,355700000000000e-2","2,396700000000000e-2","1,566900000000000e-2"
"6,190000000000000e+2","-1,133000000000000e-2","1,343700000000000e-2","2,898200000000000e-2","1,526100000000000e-2","2,340700000000000e-2","2,402800000000000e-2","1,588600000000000e-2"
"6,200000000000000e+2","-1,142000000000000e-2","1,354800000000000e-2","2,884800000000000e-2","1,565300000000000e-2","2,368200000000000e-2","2,418200000000000e-2","1,614100000000000e-2"
"6,210000000000000e+2","-1,112000000000000e-2","1,330300000000000e-2","2,874800000000000e-2","1,512000000000000e-2","2,375900000000000e-2","2,389600000000000e-2","1,575200000000000e-2"
"6,220000000000000e+2","-1,077000000000000e-2","1,302700000000000e-2","2,842800000000000e-2","1,504000000000000e-2","2,346800000000000e-2","2,366100000000000e-2","1,585500000000000e-2"
"6,230000000000000e+2","-1,061000000000000e-2","1,306100000000000e-2","2,832000000000000e-2","1,482900000000000e-2","2,331400000000000e-2","2,372300000000000e-2","1,566600000000000e-2"
"6,240000000000000e+2","-1,077000000000000e-2","1,292500000000000e-2","2,841500000000000e-2","1,497500000000000e-2","2,370600000000000e-2","2,394900000000000e-2","1,560300000000000e-2"
"6,250000000000000e+2","-1,022000000000000e-2","1,258500000000000e-2","2,768900000000000e-2","1,436100000000000e-2","2,295800000000000e-2","2,333900000000000e-2","1,532500000000000e-2"
"6,260000000000000e+2","-1,019000000000000e-2","1,263600000000000e-2","2,752100000000000e-2","1,434900000000000e-2","2,306600000000000e-2","2,331900000000000e-2","1,506600000000000e-2"
"6,270000000000000e+2","-9,800000000000000e-3","1,216100000000000e-2","2,743500000000000e-2","1,398500000000000e-2","2,273800000000000e-2","2,300500000000000e-2","1,464900000000000e-2"
"6,280000000000000e+2","-9,710000000000000e-3","1,207600000000000e-2","2,703500000000000e-2","1,413500000000000e-2","2,260300000000000e-2","2,291600000000000e-2","1,479100000000000e-2"
"6,290000000000000e+2","-9,620000000000000e-3","1,172000000000000e-2","2,708000000000000e-2","1,382400000000000e-2","2,242800000000000e-2","2,298300000000000e-2","1,452100000000000e-2"
"6,300000000000000e+2","-9,370000000000000e-3","1,151000000000000e-2","2,676300000000000e-2","1,366600000000000e-2","2,211800000000000e-2","2,246400000000000e-2","1,432500000000000e-2"
"6,310000000000000e+2","-9,280000000000000e-3","1,142600000000000e-2","2,669500000000000e-2","1,355200000000000e-2","2,213800000000000e-2","2,260800000000000e-2","1,438300000000000e-2"
"6,320000000000000e+2","-8,940000000000000e-3","1,124000000000000e-2","2,640100000000000e-2","1,322300000000000e-2","2,195400000000000e-2","2,228800000000000e-2","1,407800000000000e-2"
"6,330000000000000e+2","-8,820000000000000e-3","1,102200000000000e-2","2,642200000000000e-2","1,345600000000000e-2","2,173900000000000e-2","2,228300000000000e-2","1,411800000000000e-2"
"6,340000000000000e+2","-8,650000000000000e-3","1,100200000000000e-2","2,619600000000000e-2","1,350700000000000e-2","2,163000000000000e-2","2,184900000000000e-2","1,405800000000000e-2"
"6,350000000000000e+2","-8,320000000000000e-3","1,097000000000000e-2","2,601800000000000e-2","1,313200000000000e-2","2,149300000000000e-2","2,199000000000000e-2","1,370300000000000e-2"
"6,360000000000000e+2","-8,109999999999998e-3","1,112700000000000e-2","2,587100000000000e-2","1,344900000000000e-2","2,137400000000000e-2","2,194200000000000e-2","1,375600000000000e-2"
"6,370000000000000e+2","-8,100000000000000e-3","1,135300000000000e-2","2,624900000000000e-2","1,378000000000000e-2","2,142900000000000e-2","2,211700000000000e-2","1,378400000000000e-2"
"6,380000000000000e+2","-7,860000000000000e-3","1,123900000000000e-2","2,649900000000000e-2","1,372100000000000e-2","2,166200000000000e-2","2,226600000000000e-2","1,385400000000000e-2"
"6,390000000000000e+2","-7,890000000000000e-3","1,192400000000000e-2","2,707100000000000e-2","1,430500000000000e-2","2,241300000000000e-2","2,258400000000000e-2","1,446500000000000e-2"
"6,400000000000000e+2","-7,750000000000000e-3","1,232700000000000e-2","2,747600000000000e-2","1,479400000000000e-2","2,255700000000000e-2","2,322000000000000e-2","1,465800000000000e-2"
"6,410000000000000e+2","-7,410000000000000e-3","1,260300000000000e-2","2,785200000000000e-2","1,493200000000000e-2","2,286400000000000e-2","2,338000000000000e-2","1,505400000000000e-2"
"6,420000000000000e+2","-7,370000000000000e-3","1,307000000000000e-2","2,863000000000000e-2","1,557400000000000e-2","2,347500000000000e-2","2,404900000000000e-2","1,570600000000000e-2"
"6,430000000000000e+2","-7,170000000000000e-3","1,365900000000000e-2","2,942600000000000e-2","1,623200000000000e-2","2,421300000000000e-2","2,473700000000000e-2","1,648400000000000e-2"
"6,440000000000000e+2","-6,930000000000000e-3","1,415200000000000e-2","3,014600000000000e-2","1,674400000000000e-2","2,471800000000000e-2","2,540000000000000e-2","1,708400000000000e-2"
"6,450000000000000e+2","-6,750000000000000e-3","1,510000000000000e-2","3,108300000000000e-2","1,772700000000000e-2","2,580900000000000e-2","2,628100000000000e-2","1,795800000000000e-2"
"6,460000000000000e+2","-6,580000000000000e-3","1,609300000000000e-2","3,223600000000000e-2","1,868900000000000e-2","2,697600000000000e-2","2,718000000000000e-2","1,897600000000000e-2"
"6,470000000000000e+2","-6,289999999999999e-3","1,738600000000000e-2","3,353100000000000e-2","1,973000000000000e-2","2,789900000000000e-2","2,846100000000000e-2","1,999800000000000e-2"
"6,480000000000000e+2","-6,230000000000000e-3","1,891800000000000e-2","3,549000000000000e-2","2,114000000000000e-2","2,971900000000000e-2","3,032300000000000e-2","2,165100000000000e-2"
"6,490000000000000e+2","-6,100000000000000e-3","2,072000000000000e-2","3,769300000000000e-2","2,295900000000000e-2","3,158500000000000e-2","3,208700000000000e-2","2,343300000000000e-2"
"6,500000000000000e+2","-5,920000000000000e-3","2,263900000000000e-2","4,003500000000000e-2","2,504900000000000e-2","3,380200000000000e-2","3,415300000000000e-2","2,552400000000000e-2"
"6,510000000000000e+2","-5,600000000000000e-3","2,489600000000000e-2","4,294000000000000e-2","2,703400000000000e-2","3,605700000000000e-2","3,657100000000000e-2","2,768900000000000e-2"
"6,520000000000000e+2","-5,610000000000001e-3","2,786200000000000e-2","4,632400000000000e-2","2,997900000000000e-2","3,914900000000000e-2","3,956300000000000e-2","3,080500000000000e-2"
"6,530000000000000e+2","-5,210000000000000e-3","3,059500000000000e-2","4,972900000000000e-2","3,238800000000000e-2","4,205500000000000e-2","4,243800000000000e-2","3,355000000000000e-2"
"6,540000000000000e+2","-5,050000000000000e-3","3,329100000000000e-2","5,295900000000000e-2","3,515700000000000e-2","4,517100000000000e-2","4,536800000000000e-2","3,642400000000000e-2"
"6,550000000000000e+2","-4,910000000000000e-3","3,640900000000000e-2","5,710600000000000e-2","3,808200000000000e-2","4,832600000000000e-2","4,841100000000000e-2","3,966100000000000e-2"
"6,560000000000000e+2","-4,850000000000000e-3","3,942900000000000e-2","6,029100000000000e-2","4,113800000000000e-2","5,150100000000000e-2","5,166800000000000e-2","4,272000000000000e-2"
"6,570000000000000e+2","-4,560000000000000e-3","4,215200000000000e-2","6,372899999999999e-2","4,365900000000000e-2","5,443900000000000e-2","5,437100000000000e-2","4,553100000000000e-2"
"6,580000000000000e+2","-4,410000000000000e-3","4,463300000000000e-2","6,691700000000001e-2","4,631700000000000e-2","5,724500000000000e-2","5,700400000000000e-2","4,820900000000000e-2"
"6,590000000000000e+2","-4,110000000000000e-3","4,706600000000000e-2","6,985800000000000e-2","4,838800000000000e-2","5,962700000000000e-2","5,943700000000000e-2","5,050300000000000e-2"
"6,600000000000000e+2","-4,030000000000000e-3","4,903000000000000e-2","7,237500000000000e-2","5,040700000000000e-2","6,204800000000000e-2","6,174100000000000e-2","5,246700000000000e-2"
"6,610000000000000e+2","-3,860000000000000e-3","5,046900000000000e-2","7,426700000000000e-2","5,187800000000000e-2","6,344500000000000e-2","6,319400000000000e-2","5,407700000000000e-2"
"6,620000000000000e+2","-3,520000000000000e-3","5,144300000000000e-2","7,515600000000000e-2","5,238200000000000e-2","6,382000000000000e-2","6,377099999999999e-2","5,449500000000000e-2"
"6,630000000000000e+2","-3,620000000000000e-3","5,170200000000000e-2","7,538200000000000e-2","5,287000000000000e-2","6,442199999999999e-2","6,392900000000000e-2","5,505200000000000e-2"
"6,640000000000000e+2","-3,440000000000000e-3","5,103300000000000e-2","7,479600000000000e-2","5,213200000000000e-2","6,358600000000000e-2","6,327500000000000e-2","5,425700000000000e-2"
"6,650000000000000e+2","-3,230000000000000e-3","4,985100000000000e-2","7,285400000000000e-2","5,087200000000000e-2","6,192300000000000e-2","6,184600000000000e-2","5,263200000000000e-2"
"6,660000000000000e+2","-2,880000000000000e-3","4,798800000000000e-2","7,044400000000001e-2","4,888400000000000e-2","5,959600000000000e-2","5,950300000000000e-2","5,054600000000000e-2"
"6,670000000000000e+2","-2,620000000000000e-3","4,539900000000000e-2","6,744100000000000e-2","4,632900000000000e-2","5,702400000000000e-2","5,694900000000000e-2","4,782000000000000e-2"
"6,680000000000000e+2","-2,580000000000000e-3","4,274700000000000e-2","6,408999999999999e-2","4,375500000000000e-2","5,405500000000000e-2","5,419600000000000e-2","4,517400000000000e-2"
"6,690000000000000e+2","-2,280000000000000e-3","3,954400000000000e-2","6,043200000000000e-2","4,081000000000000e-2","5,088400000000000e-2","5,087200000000000e-2","4,229500000000000e-2"
"6,700000000000000e+2","-2,170000000000000e-3","3,660200000000000e-2","5,664300000000000e-2","3,782000000000000e-2","4,765500000000000e-2","4,761500000000000e-2","3,905500000000000e-2"
"6,710000000000000e+2","-1,900000000000000e-3","3,337900000000000e-2","5,269500000000000e-2","3,481800000000000e-2","4,424000000000000e-2","4,421400000000000e-2","3,559600000000000e-2"
"6,720000000000000e+2","-1,800000000000000e-3","3,006600000000000e-2","4,882900000000000e-2","3,160000000000000e-2","4,088400000000000e-2","4,100800000000000e-2","3,237300000000000e-2"
"6,730000000000000e+2","-1,820000000000000e-3","2,726900000000000e-2","4,518900000000000e-2","2,904200000000000e-2","3,782000000000000e-2","3,815300000000000e-2","2,940500000000000e-2"
"6,740000000000000e+2","-1,370000000000000e-3","2,412400000000000e-2","4,116400000000000e-2","2,594700000000000e-2","3,457400000000000e-2","3,480400000000000e-2","2,603000000000000e-2"
"6,750000000000000e+2","-1,220000000000000e-3","2,135400000000000e-2","3,801400000000000e-2","2,322000000000000e-2","3,168700000000000e-2","3,212100000000000e-2","2,346300000000000e-2"
"6,760000000000000e+2","-1,080000000000000e-3","1,885700000000000e-2","3,491800000000000e-2","2,078200000000000e-2","2,904300000000000e-2","2,974900000000000e-2","2,104500000000000e-2"
"6,770000000000000e+2","-6,500000000000000e-4","1,655300000000000e-2","3,204700000000000e-2","1,839600000000000e-2","2,657400000000000e-2","2,736200000000000e-2","1,872800000000000e-2"
"6,780000000000000e+2","-6,900000000000000e-4","1,498700000000000e-2","3,009800000000000e-2","1,710700000000000e-2","2,486000000000000e-2","2,572900000000000e-2","1,705900000000000e-2"
"6,790000000000000e+2","-3,900000000000000e-4","1,341200000000000e-2","2,809300000000000e-2","1,540900000000000e-2","2,324300000000000e-2","2,412000000000000e-2","1,538500000000000e-2"
"6,800000000000000e+2","-2,600000000000000e-4","1,235100000000000e-2","2,666400000000000e-2","1,419600000000000e-2","2,185200000000000e-2","2,312600000000000e-2","1,428000000000000e-2"
"6,810000000000000e+2","-2,300000000000000e-4","1,144300000000000e-2","2,545700000000000e-2","1,340800000000000e-2","2,110000000000000e-2","2,227300000000000e-2","1,343900000000000e-2"
"6,820000000000000e+2","2,390000000000000e-5","1,046600000000000e-2","2,446400000000000e-2","1,256000000000000e-2","2,008400000000000e-2","2,130200000000000e-2","1,264900000000000e-2"
"6,830000000000000e+2","2,250000000000000e-4","9,707000000000000e-3","2,340800000000000e-2","1,176500000000000e-2","1,933500000000000e-2","2,054700000000000e-2","1,186600000000000e-2"
"6,840000000000000e+2","5,470000000000000e-4","8,980000000000000e-3","2,248200000000000e-2","1,111700000000000e-2","1,864500000000000e-2","1,968900000000000e-2","1,112800000000000e-2"
"6,850000000000000e+2","5,880000000000000e-4","8,601000000000000e-3","2,190100000000000e-2","1,065700000000000e-2","1,811300000000000e-2","1,912600000000000e-2","1,059900000000000e-2"
"6,860000000000000e+2","8,210000000000000e-4","8,020000000000000e-3","2,135600000000000e-2","1,050200000000000e-2","1,744900000000000e-2","1,886800000000000e-2","1,015900000000000e-2"
"6,870000000000000e+2","7,520000000000000e-4","7,900000000000000e-3","2,128200000000000e-2","1,033300000000000e-2","1,742800000000000e-2","1,869700000000000e-2","1,015200000000000e-2"
"6,880000000000000e+2","9,890000000000000e-4","7,576000000000000e-3","2,090800000000000e-2","1,002500000000000e-2","1,700300000000000e-2","1,820900000000000e-2","9,638000000000000e-3"
"6,890000000000000e+2","1,299000000000000e-3","7,045000000000000e-3","2,043900000000000e-2","9,527000000000000e-3","1,647800000000000e-2","1,784300000000000e-2","9,280000000000000e-3"
"6,900000000000000e+2","1,255000000000000e-3","6,986000000000000e-3","2,021000000000000e-2","9,684000000000000e-3","1,644400000000000e-2","1,794100000000000e-2","9,175000000000002e-3"
"6,910000000000000e+2","1,626000000000000e-3","6,548000000000000e-3","1,980300000000000e-2","9,100000000000000e-3","1,606500000000000e-2","1,760300000000000e-2","8,884000000000000e-3"
"6,920000000000000e+2","1,920000000000000e-3","6,276999999999999e-3","1,935600000000000e-2","8,724000000000002e-3","1,593400000000000e-2","1,705900000000000e-2","8,452000000000000e-3"
"6,930000000000000e+2","2,039000000000000e-3","6,106999999999999e-3","1,894800000000000e-2","8,623000000000000e-3","1,580300000000000e-2","1,727200000000000e-2","1,004400000000000e-2"
"6,940000000000000e+2","2,173000000000000e-3","5,902000000000000e-3","1,883300000000000e-2","8,440000000000000e-3","1,561400000000000e-2","1,701100000000000e-2","8,388000000000000e-3"
"6,950000000000000e+2","2,274000000000000e-3","5,932000000000000e-3","1,888000000000000e-2","8,499000000000000e-3","1,541200000000000e-2","1,672200000000000e-2","8,172000000000000e-3"
"6,960000000000000e+2","2,678000000000000e-3","5,274000000000000e-3","1,846700000000000e-2","7,991000000000000e-3","1,492900000000000e-2","1,615600000000000e-2","7,750000000000000e-3"
"6,970000000000000e+2","2,839000000000000e-3","5,265000000000000e-3","1,824400000000000e-2","7,845000000000000e-3","1,500100000000000e-2","1,610100000000000e-2","7,498000000000000e-3"
"6,980000000000000e+2","2,978000000000000e-3","4,935000000000000e-3","1,811800000000000e-2","7,742000000000000e-3","1,465800000000000e-2","1,596000000000000e-2","7,503000000000000e-3"
"6,990000000000000e+2","3,123000000000000e-3","4,798000000000000e-3","1,791000000000000e-2","7,868000000000000e-3","1,462800000000000e-2","1,593600000000000e-2","7,271000000000000e-3"
"7,000000000000000e+2","3,155000000000000e-3","4,730000000000000e-3","1,813300000000000e-2","7,761000000000000e-3","1,460100000000000e-2","1,596500000000000e-2","7,306000000000000e-3"
"7,010000000000000e+2","3,293000000000000e-3","4,533000000000000e-3","1,803300000000000e-2","7,435000000000000e-3","1,455500000000000e-2","1,584000000000000e-2","7,227000000000000e-3"
"7,020000000000000e+2","3,612000000000000e-3","4,629999999999999e-3","1,766400000000000e-2","7,246000000000000e-3","1,414900000000000e-2","1,574400000000000e-2","6,755000000000000e-3"
"7,030000000000000e+2","3,924000000000001e-3","4,211999999999999e-3","1,766200000000000e-2","6,965000000000000e-3","1,389800000000000e-2","1,535900000000000e-2","6,939000000000000e-3"
"7,040000000000000e+2","4,231000000000000e-3","3,740000000000000e-3","1,744500000000000e-2","6,992000000000000e-3","1,373700000000000e-2","1,533400000000000e-2","6,394000000000000e-3"
"7,050000000000000e+2","4,237999999999999e-3","3,960000000000000e-3","1,736000000000000e-2","6,872000000000000e-3","1,402600000000000e-2","1,539200000000000e-2","6,337000000000000e-3"
"7,060000000000000e+2","4,764000000000000e-3","3,780000000000000e-3","1,690000000000000e-2","6,587000000000000e-3","1,347700000000000e-2","1,516300000000000e-2","6,102000000000000e-3"
"7,070000000000000e+2","4,871999999999999e-3","3,733000000000000e-3","1,700800000000000e-2","6,503000000000000e-3","1,345400000000000e-2","1,501600000000000e-2","6,169000000000000e-3"
"7,080000000000000e+2","4,904000000000000e-3","3,720000000000000e-3","1,689100000000000e-2","6,412000000000000e-3","1,365600000000000e-2","1,497500000000000e-2","6,344000000000000e-3"
"7,090000000000000e+2","5,136000000000000e-3","3,749000000000000e-3","1,682600000000000e-2","6,369000000000000e-3","1,350300000000000e-2","1,497500000000000e-2","6,458000000000000e-3"
"7,100000000000000e+2","5,398000000000000e-3","3,604000000000000e-3","1,673300000000000e-2","6,193000000000000e-3","1,340100000000000e-2","1,483900000000000e-2","6,047000000000000e-3"
"7,110000000000000e+2","5,687000000000000e-3","3,289000000000000e-3","1,658500000000000e-2","6,462000000000000e-3","1,316300000000000e-2","1,446600000000000e-2","6,057000000000000e-3"
"7,120000000000000e+2","5,889000000000000e-3","3,184000000000000e-3","1,633600000000000e-2","6,472000000000000e-3","1,319600000000000e-2","1,469500000000000e-2","5,943000000000000e-3"
"7,130000000000000e+2","6,027000000000000e-3","3,324000000000000e-3","1,666900000000000e-2","6,412000000000000e-3","1,330600000000000e-2","1,470600000000000e-2","6,100000000000000e-3"
"7,140000000000000e+2","6,459999999999999e-3","3,040000000000000e-3","1,649100000000000e-2","6,064000000000000e-3","1,323400000000000e-2","1,479000000000000e-2","5,571000000000001e-3"
"7,150000000000000e+2","6,773000000000000e-3","2,935000000000000e-3","1,646200000000000e-2","5,939000000000000e-3","1,282900000000000e-2","1,438400000000000e-2","5,539000000000000e-3"
"7,160000000000000e+2","7,062000000000000e-3","2,951000000000000e-3","1,639200000000000e-2","5,874000000000000e-3","1,276300000000000e-2","1,446000000000000e-2","5,472000000000000e-3"
"7,170000000000000e+2","7,042000000000000e-3","3,159000000000000e-3","1,655100000000000e-2","6,099000000000000e-3","1,318600000000000e-2","1,447800000000000e-2","5,795000000000000e-3"
"7,180000000000000e+2","7,341000000000000e-3","2,982000000000000e-3","1,645000000000000e-2","6,186000000000000e-3","1,257200000000000e-2","1,452400000000000e-2","5,518000000000000e-3"
"7,190000000000000e+2","7,342000000000000e-3","3,101000000000000e-3","1,649900000000000e-2","6,166000000000000e-3","1,305900000000000e-2","1,483000000000000e-2","5,710000000000000e-3"
"7,200000000000000e+2","7,644000000000000e-3","3,083000000000000e-3","1,654800000000000e-2","5,951000000000000e-3","1,300800000000000e-2","1,464200000000000e-2","5,479000000000000e-3"
"7,210000000000000e+2","7,886000000000000e-3","2,903000000000000e-3","1,635900000000000e-2","5,849000000000000e-3","1,277600000000000e-2","1,452600000000000e-2","5,823000000000000e-3"
"7,220000000000000e+2","8,128000000000000e-3","3,034000000000000e-3","1,662300000000000e-2","6,006000000000000e-3","1,301900000000000e-2","1,454900000000000e-2","5,888000000000000e-3"
"7,230000000000000e+2","8,373000000000000e-3","2,927000000000000e-3","1,636600000000000e-2","6,066000000000000e-3","1,298800000000000e-2","1,485600000000000e-2","5,845000000000000e-3"
"7,240000000000000e+2","8,707000000000000e-3","3,065000000000000e-3","1,629200000000000e-2","5,896000000000000e-3","1,275600000000000e-2","1,495200000000000e-2","5,750000000000000e-3"
"7,250000000000000e+2","9,133000000000000e-3","2,681000000000000e-3","1,631900000000000e-2","5,994000000000000e-3","1,291700000000000e-2","1,466400000000000e-2","5,589000000000000e-3"
"7,260000000000000e+2","9,444000000000000e-3","2,749000000000000e-3","1,625600000000000e-2","5,710000000000000e-3","1,270400000000000e-2","1,471100000000000e-2","5,629000000000000e-3"
"7,270000000000000e+2","9,670000000000000e-3","3,115000000000000e-3","1,654500000000000e-2","5,822000000000000e-3","1,290400000000000e-2","1,508000000000000e-2","5,563000000000000e-3"
"7,280000000000000e+2","1,021800000000000e-2","2,520000000000000e-3","1,606900000000000e-2","5,668000000000000e-3","1,269400000000000e-2","1,465800000000000e-2","5,385000000000000e-3"
"7,290000000000000e+2","1,027200000000000e-2","2,883000000000000e-3","1,640500000000000e-2","5,914000000000000e-3","1,297300000000000e-2","1,489200000000000e-2","5,627000000000000e-3"
"7,300000000000000e+2","1,070200000000000e-2","2,614000000000000e-3","1,612200000000000e-2","5,827000000000000e-3","1,280800000000000e-2","1,464600000000000e-2","5,710000000000000e-3"
"7,310000000000000e+2","1,095800000000000e-2","2,799000000000000e-3","1,628400000000000e-2","5,845000000000000e-3","1,279000000000000e-2","1,451000000000000e-2","5,853000000000000e-3"
"7,320000000000000e+2","1,139500000000000e-2","2,613000000000000e-3","1,617700000000000e-2","5,722000000000000e-3","1,278800000000000e-2","1,439900000000000e-2","5,629000000000000e-3"
"7,330000000000000e+2","1,158500000000000e-2","2,712000000000000e-3","1,620900000000000e-2","5,869000000000000e-3","1,280700000000000e-2","1,463900000000000e-2","5,889000000000000e-3"
"7,340000000000000e+2","1,187500000000000e-2","2,664000000000000e-3","1,628700000000000e-2","5,984000000000000e-3","1,295700000000000e-2","1,482000000000000e-2","5,706000000000000e-3"
"7,350000000000000e+2","1,221400000000000e-2","2,697000000000000e-3","1,621400000000000e-2","5,744000000000000e-3","1,244500000000000e-2","1,473800000000000e-2","5,602000000000000e-3"
"7,360000000000000e+2","1,252700000000000e-2","2,845000000000000e-3","1,636500000000000e-2","5,900000000000000e-3","1,283900000000000e-2","1,453400000000000e-2","5,786000000000000e-3"
"7,370000000000000e+2","1,303100000000000e-2","2,737000000000000e-3","1,606500000000000e-2","5,781000000000000e-3","1,265000000000000e-2","1,472400000000000e-2","5,767000000000001e-3"
"7,380000000000000e+2","1,336000000000000e-2","2,683000000000000e-3","1,606200000000000e-2","5,792000000000000e-3","1,254500000000000e-2","1,486400000000000e-2","5,859000000000000e-3"
"7,390000000000000e+2","1,377600000000000e-2","2,795000000000000e-3","1,615600000000000e-2","5,837000000000000e-3","1,286000000000000e-2","1,481600000000000e-2","5,747000000000000e-3"
"7,400000000000000e+2","1,423700000000000e-2","2,646000000000000e-3","1,622900000000000e-2","5,849000000000000e-3","1,265400000000000e-2","1,497000000000000e-2","5,827000000000000e-3"
"7,410000000000000e+2","1,461700000000000e-2","2,904000000000000e-3","1,630400000000000e-2","5,920000000000000e-3","1,289000000000000e-2","1,478500000000000e-2","5,879000000000000e-3"
"7,420000000000000e+2","1,542600000000000e-2","2,247000000000000e-3","1,586100000000000e-2","5,742000000000000e-3","1,242600000000000e-2","1,465200000000000e-2","5,601000000000000e-3"
"7,430000000000000e+2","1,564700000000000e-2","2,661000000000000e-3","1,632900000000000e-2","5,939000000000000e-3","1,298100000000000e-2","1,481500000000000e-2","5,901000000000000e-3"
"7,440000000000000e+2","1,641900000000000e-2","2,597000000000000e-3","1,604200000000000e-2","5,976000000000001e-3","1,292800000000000e-2","1,476800000000000e-2","6,037000000000000e-3"
"7,450000000000000e+2","1,738000000000000e-2","2,833000000000000e-3","1,628800000000000e-2","6,154000000000000e-3","1,314100000000000e-2","1,513300000000000e-2","6,194000000000000e-3"
"7,460000000000000e+2","1,618600000000000e-2","2,743000000000000e-3","1,618500000000000e-2","6,340000000000000e-3","1,329300000000000e-2","1,485000000000000e-2","6,117000000000000e-3"
"7,470000000000000e+2","1,463200000000000e-2","2,637000000000000e-3","1,617800000000000e-2","5,936000000000000e-3","1,328800000000000e-2","1,473500000000000e-2","5,842000000000000e-3"
"7,480000000000000e+2","1,537300000000000e-2","2,655000000000000e-3","1,596900000000000e-2","6,144000000000000e-3","1,324000000000000e-2","1,485500000000000e-2","5,874000000000000e-3"
"7,490000000000000e+2","1,573400000000000e-2","2,763000000000000e-3","1,631700000000000e-2","6,024000000000000e-3","1,333500000000000e-2","1,496800000000000e-2","6,141000000000000e-3"
"7,500000000000000e+2","1,614700000000000e-2","2,876000000000000e-3","1,631900000000000e-2","6,128000000000000e-3","1,332200000000000e-2","1,513400000000000e-2","6,445000000000000e-3"
